{
  "train": {
    "O": 88.97796345433675,
    "B-PER": 2.2826925610192137,
    "B-LOC": 0.643595099644329,
    "I-LOC": 0.8091985170966711,
    "I-PER": 2.015468864675662,
    "B-ART": 1.8818570165038861,
    "I-ART": 0.5231562505880802,
    "B-MAT": 0.2822785524755829,
    "B-CON": 2.002295865560135,
    "I-MAT": 0.04892828242910104,
    "B-SPE": 0.2277046989969702,
    "I-CON": 0.28792412352509456,
    "I-SPE": 0.016936713148534975
  },
  "validation": {
    "O": 91.11643288858478,
    "B-PER": 1.9158398905234348,
    "I-PER": 1.6079370509750255,
    "B-ART": 1.4368799178925762,
    "I-ART": 0.8267761432318395,
    "B-CON": 0.9180066142091459,
    "I-CON": 0.2793933173680009,
    "B-MAT": 0.22807617744326605,
    "B-LOC": 0.8495837609761661,
    "I-LOC": 0.524575208119512,
    "I-MAT": 0.039913331052571555,
    "B-SPE": 0.1767590375185312,
    "I-SPE": 0.07982666210514311
  },
  "test": {
    "O": 92.88485678420632,
    "B-LOC": 0.8216364258815475,
    "I-LOC": 0.8444596599338127,
    "B-PER": 1.6147438091977633,
    "I-PER": 0.7988131918292822,
    "B-CON": 0.8387538514207463,
    "I-CON": 0.42793563847997257,
    "B-MAT": 0.3366427022709118,
    "B-ART": 0.9585758301951387,
    "I-ART": 0.42793563847997257,
    "I-MAT": 0.034234851078397806,
    "B-SPE": 0.011411617026132602
  }
}
